layer,unit,description,similarity
layer2,0,red,0.26229858
layer2,1,dotted,0.2182312
layer2,2,tribal,0.15655518
layer2,3,turquoise,0.22158813
layer2,4,knots,0.12390137
layer2,5,safeguards,0.07583618
layer2,6,zebra,0.14450073
layer2,7,roswell,0.079071045
layer2,8,dotted,0.20455933
layer2,9,illusion,0.110198975
layer2,10,black,0.15020752
layer2,11,fiberglass,0.093322754
layer2,12,garrison,0.22979736
layer2,13,blinds,0.115600586
layer2,14,bathroom,0.11953735
layer2,15,zebra,0.15838623
layer2,16,chess,0.07397461
layer2,17,hostel,0.14535522
layer2,18,qr,0.12915039
layer2,19,coil,0.12710571
layer2,20,green,0.2704773
layer2,21,quilts,0.13082886
layer2,22,larvae,0.10757446
layer2,23,dots,0.1550293
layer2,24,juvenile,0.11138916
layer2,25,dotted,0.1098938
layer2,26,blinds,0.08251953
layer2,27,scenic,0.14083862
layer2,28,stairs,0.11538696
layer2,29,dotted,0.2604065
layer2,30,woodward,0.07598877
layer2,31,zebra,0.10757446
layer2,32,leather,0.13220215
layer2,33,wicker,0.1670227
layer2,34,bookshop,0.093688965
layer2,35,grid,0.19320679
layer2,36,dotted,0.1510315
layer2,37,dotted,0.38461304
layer2,38,curtains,0.14230347
layer2,39,stripe,0.13272095
layer2,40,stripes,0.39941406
layer2,41,dotted,0.14907837
layer2,42,dotted,0.18579102
layer2,43,coil,0.095214844
layer2,44,lace,0.14468384
layer2,45,atmospheric,0.1308899
layer2,46,yellow,0.09555054
layer2,47,hostel,0.19372559
layer2,48,thread,0.120788574
layer2,49,checker,0.23944092
layer2,50,blue,0.24038696
layer2,51,dots,0.17019653
layer2,52,dotted,0.2034607
layer2,53,bw,0.14938354
layer2,54,weaving,0.15341187
layer2,55,hoodia,0.20977783
layer2,56,dotted,0.24118042
layer2,57,magenta,0.21725464
layer2,58,grid,0.13983154
layer2,59,aluminum,0.10812378
layer2,60,blinds,0.122924805
layer2,61,stripe,0.13879395
layer2,62,quilts,0.12265015
layer2,63,mesh,0.15145874
layer2,64,fibers,0.10223389
layer2,65,stripe,0.18145752
layer2,66,stripe,0.14251709
layer2,67,dotted,0.2810669
layer2,68,dotted,0.2902527
layer2,69,lattice,0.17175293
layer2,70,accommodations,0.09411621
layer2,71,dotted,0.29751587
layer2,72,zebra,0.13162231
layer2,73,capsules,0.13061523
layer2,74,lines,0.17184448
layer2,75,dotted,0.19747925
layer2,76,grille,0.12609863
layer2,77,lattice,0.11987305
layer2,78,textile,0.10928345
layer2,79,checker,0.13668823
layer2,80,dotted,0.12948608
layer2,81,stripe,0.12182617
layer2,82,drought,0.18411255
layer2,83,quilts,0.16525269
layer2,84,facilities,0.099731445
layer2,85,illusions,0.11218262
layer2,86,lace,0.14279175
layer2,87,redevelopment,0.10443115
layer2,88,pattern,0.1144104
layer2,89,garrison,0.14941406
layer2,90,textile,0.18707275
layer2,91,textile,0.13467407
layer2,92,webs,0.12200928
layer2,93,grille,0.07611084
layer2,94,colorful,0.16119385
layer2,95,banner,0.089660645
layer2,96,nanotechnology,0.08279419
layer2,97,aluminium,0.20413208
layer2,98,dotted,0.19290161
layer2,99,stripe,0.24060059
layer2,100,wicker,0.09655762
layer2,101,stripe,0.25628662
layer2,102,checker,0.08648682
layer2,103,aquaculture,0.10467529
layer2,104,magenta,0.34262085
layer2,105,wool,0.18798828
layer2,106,dotted,0.13790894
layer2,107,dotted,0.104644775
layer2,108,checker,0.23526001
layer2,109,dotted,0.27404785
layer2,110,checker,0.2658081
layer2,111,stripe,0.1586914
layer2,112,wood,0.12106323
layer2,113,quilts,0.12594604
layer2,114,yellow,0.2798462
layer2,115,flying,0.29864502
layer2,116,checker,0.25897217
layer2,117,weaving,0.19424438
layer2,118,grid,0.18460083
layer2,119,dotted,0.26037598
layer2,120,checker,0.18670654
layer2,121,dotted,0.13421631
layer2,122,dotted,0.37979126
layer2,123,garrison,0.11727905
layer2,124,tiles,0.20877075
layer2,125,dotted,0.18435669
layer2,126,generated,0.098846436
layer2,127,tiles,0.10644531
layer3,0,charcoal,0.11669922
layer3,1,mesh,0.15466309
layer3,2,vegetation,0.18765259
layer3,3,leaf,0.34094238
layer3,4,dotted,0.14685059
layer3,5,green,0.3008423
layer3,6,cabinets,0.11651611
layer3,7,cookbooks,0.1579895
layer3,8,habitat,0.21429443
layer3,9,fibers,0.18292236
layer3,10,textile,0.2232666
layer3,11,scrolls,0.12741089
layer3,12,dotted,0.27044678
layer3,13,stripe,0.108306885
layer3,14,quilting,0.20275879
layer3,15,dots,0.23977661
layer3,16,yarn,0.14242554
layer3,17,grid,0.2083435
layer3,18,grille,0.17333984
layer3,19,landscapes,0.105529785
layer3,20,checker,0.12802124
layer3,21,lattice,0.18518066
layer3,22,lattice,0.15136719
layer3,23,balls,0.17172241
layer3,24,dotted,0.17269897
layer3,25,grid,0.10266113
layer3,26,birding,0.16778564
layer3,27,dots,0.1635437
layer3,28,cabinets,0.112701416
layer3,29,grid,0.15026855
layer3,30,grid,0.16268921
layer3,31,zebra,0.3260498
layer3,32,grid,0.10443115
layer3,33,textile,0.22238159
layer3,34,fruit,0.16986084
layer3,35,tile,0.16305542
layer3,36,yellow,0.15472412
layer3,37,red,0.1822815
layer3,38,woven,0.10217285
layer3,39,turquoise,0.2722168
layer3,40,volunteers,0.21282959
layer3,41,stripe,0.10479736
layer3,42,basement,0.0977478
layer3,43,leaf,0.19155884
layer3,44,kitchens,0.29553223
layer3,45,mesh,0.15994263
layer3,46,checker,0.2512207
layer3,47,webs,0.10546875
layer3,48,dotted,0.16540527
layer3,49,zebra,0.22091675
layer3,50,tri,0.071014404
layer3,51,interior,0.0793457
layer3,52,dotted,0.3139038
layer3,53,thread,0.16204834
layer3,54,stripe,0.15896606
layer3,55,greenhouse,0.11657715
layer3,56,bookshop,0.21325684
layer3,57,blinds,0.115997314
layer3,58,banner,0.0765686
layer3,59,stripe,0.17962646
layer3,60,dots,0.29678345
layer3,61,strands,0.1477356
layer3,62,grille,0.15057373
layer3,63,furnished,0.15289307
layer3,64,stripe,0.11276245
layer3,65,textile,0.31149292
layer3,66,bottle,0.10992432
layer3,67,zebra,0.15020752
layer3,68,yellow,0.18869019
layer3,69,dotted,0.1253357
layer3,70,kitchen,0.33285522
layer3,71,dots,0.19033813
layer3,72,bathroom,0.11917114
layer3,73,wicker,0.24343872
layer3,74,cranberry,0.10134888
layer3,75,textile,0.21658325
layer3,76,exterior,0.11782837
layer3,77,supplements,0.14196777
layer3,78,zebra,0.18414307
layer3,79,fuzzy,0.09616089
layer3,80,dotted,0.2625122
layer3,81,syrup,0.10482788
layer3,82,dotted,0.15447998
layer3,83,grille,0.20812988
layer3,84,garrison,0.17245483
layer3,85,tile,0.24972534
layer3,86,checker,0.14981079
layer3,87,dots,0.2071228
layer3,88,dots,0.21585083
layer3,89,grid,0.19671631
layer3,90,yellow,0.14453125
layer3,91,grid,0.14105225
layer3,92,dotted,0.21679688
layer3,93,building,0.17764282
layer3,94,cabinets,0.12719727
layer3,95,strands,0.17507935
layer3,96,spiral,0.35873413
layer3,97,dotted,0.15893555
layer3,98,sunset,0.09069824
layer3,99,dotted,0.24761963
layer3,100,upstairs,0.07284546
layer3,101,bathroom,0.20639038
layer3,102,amenities,0.12554932
layer3,103,magenta,0.18267822
layer3,104,checker,0.28204346
layer3,105,red,0.10195923
layer3,106,bubbles,0.24642944
layer3,107,dotted,0.19058228
layer3,108,chefs,0.1993103
layer3,109,checker,0.120391846
layer3,110,bw,0.1701355
layer3,111,net,0.118621826
layer3,112,street,0.41955566
layer3,113,stair,0.09976196
layer3,114,venue,0.19659424
layer3,115,checker,0.14608765
layer3,116,wool,0.25289917
layer3,117,speeding,0.09738159
layer3,118,hairy,0.13101196
layer3,119,dotted,0.32299805
layer3,120,dotted,0.27496338
layer3,121,volunteers,0.1515503
layer3,122,zebra,0.17703247
layer3,123,woven,0.14242554
layer3,124,attic,0.07272339
layer3,125,dotted,0.14425659
layer3,126,dotted,0.23449707
layer3,127,amethyst,0.1569519
layer3,128,livestock,0.26663208
layer3,129,pattern,0.17477417
layer3,130,wicker,0.16183472
layer3,131,stripe,0.3741455
layer3,132,textile,0.111572266
layer3,133,stairs,0.2506714
layer3,134,dotted,0.38760376
layer3,135,pattern,0.1574707
layer3,136,dark,0.10638428
layer3,137,innocence,0.20639038
layer3,138,touring,0.14990234
layer3,139,wicker,0.16317749
layer3,140,woven,0.16836548
layer3,141,dotted,0.2579956
layer3,142,interior,0.25357056
layer3,143,dotted,0.11941528
layer3,144,textile,0.13290405
layer3,145,spiral,0.22714233
layer3,146,grid,0.08465576
layer3,147,strands,0.18649292
layer3,148,workshop,0.073150635
layer3,149,regard,0.32492065
layer3,150,spiral,0.28875732
layer3,151,drought,0.19113159
layer3,152,magenta,0.19519043
layer3,153,algeria,0.07727051
layer3,154,cabinets,0.18572998
layer3,155,warranties,0.12649536
layer3,156,webs,0.3970642
layer3,157,dots,0.31671143
layer3,158,grass,0.32165527
layer3,159,teak,0.13772583
layer3,160,landscaping,0.21539307
layer3,161,facilities,0.16265869
layer3,162,checker,0.2635193
layer3,163,lattice,0.16021729
layer3,164,web,0.15353394
layer3,165,condominiums,0.15435791
layer3,166,dotted,0.22045898
layer3,167,chairs,0.10787964
layer3,168,foods,0.19400024
layer3,169,screened,0.17327881
layer3,170,infants,0.27200317
layer3,171,colorful,0.14840698
layer3,172,wicker,0.21975708
layer3,173,dotted,0.2578125
layer3,174,midway,0.17684937
layer3,175,pattern,0.13516235
layer3,176,drought,0.2461853
layer3,177,dotted,0.38482666
layer3,178,stripe,0.09588623
layer3,179,accommodation,0.30828857
layer3,180,tiles,0.12387085
layer3,181,dog,0.12033081
layer3,182,checker,0.18875122
layer3,183,zebra,0.14779663
layer3,184,tiles,0.17050171
layer3,185,barcode,0.18209839
layer3,186,bedrooms,0.2694397
layer3,187,checker,0.1687622
layer3,188,textile,0.20159912
layer3,189,lattice,0.14477539
layer3,190,workstations,0.14758301
layer3,191,wicker,0.3090515
layer3,192,spiral,0.1489563
layer3,193,accommodations,0.26101685
layer3,194,dots,0.19604492
layer3,195,beaded,0.1081543
layer3,196,dotted,0.2526245
layer3,197,paving,0.10446167
layer3,198,geometric,0.14770508
layer3,199,grid,0.1449585
layer3,200,texture,0.18466187
layer3,201,zipper,0.15866089
layer3,202,garrison,0.13796997
layer3,203,shelving,0.099487305
layer3,204,tile,0.17062378
layer3,205,grille,0.09790039
layer3,206,dotted,0.31085205
layer3,207,building,0.098846436
layer3,208,nightlife,0.22784424
layer3,209,grille,0.12887573
layer3,210,dotted,0.28356934
layer3,211,zebra,0.36380005
layer3,212,charcoal,0.116882324
layer3,213,exterior,0.10244751
layer3,214,juvenile,0.24136353
layer3,215,accommodations,0.3418579
layer3,216,grid,0.18334961
layer3,217,tiles,0.21414185
layer3,218,interior,0.11392212
layer3,219,quilts,0.1618042
layer3,220,checker,0.21069336
layer3,221,satin,0.11602783
layer3,222,recipes,0.13290405
layer3,223,strands,0.074401855
layer3,224,dotted,0.4353943
layer3,225,undergraduates,0.1793518
layer3,226,supermarket,0.112213135
layer3,227,florists,0.116363525
layer3,228,zirconia,0.085357666
layer3,229,tomcat,0.162323
layer3,230,textile,0.17190552
layer3,231,textile,0.17358398
layer3,232,checker,0.18789673
layer3,233,lattice,0.24859619
layer3,234,cabinets,0.20993042
layer3,235,dots,0.20986938
layer3,236,lattice,0.19628906
layer3,237,checker,0.17678833
layer3,238,magenta,0.2076416
layer3,239,nature,0.2727661
layer3,240,kitchens,0.31497192
layer3,241,lights,0.15560913
layer3,242,ribbon,0.0836792
layer3,243,chromatography,0.12597656
layer3,244,kitchen,0.1572876
layer3,245,dotted,0.43197632
layer3,246,spiral,0.12548828
layer3,247,shelving,0.21783447
layer3,248,geometric,0.1878357
layer3,249,dots,0.174469
layer3,250,geometric,0.2128601
layer3,251,volunteering,0.0847168
layer3,252,dots,0.115875244
layer3,253,dotted,0.13320923
layer3,254,checker,0.184021
layer3,255,carcinoma,0.10852051
fc,0,canoeing,0.1665039
fc,1,parrot,0.1984253
fc,2,glide,0.22055054
fc,3,underwater,0.25280762
fc,4,aircraft,0.380188
fc,5,underwater,0.22131348
fc,6,grenadines,0.2678833
fc,7,hen,0.27825928
fc,8,hen,0.33920288
fc,9,emu,0.43154907
fc,10,birding,0.52197266
fc,11,bird,0.45385742
fc,12,birding,0.49902344
fc,13,birding,0.50860596
fc,14,birding,0.46362305
fc,15,birding,0.5039673
fc,16,birding,0.50671387
fc,17,birding,0.48687744
fc,18,birding,0.46029663
fc,19,birding,0.49908447
fc,20,juvenile,0.43191528
fc,21,hawk,0.5272217
fc,22,eagle,0.5475464
fc,23,eagle,0.46783447
fc,24,juvenile,0.39187622
fc,25,soil,0.15563965
fc,26,erosion,0.13406372
fc,27,soil,0.1984253
fc,28,dotted,0.2538452
fc,29,guadeloupe,0.10903931
fc,30,nature,0.14807129
fc,31,leaf,0.2654724
fc,32,carcinoma,0.15863037
fc,33,oceanic,0.21755981
fc,34,geology,0.20654297
fc,35,texture,0.16229248
fc,36,texture,0.13562012
fc,37,texture,0.19021606
fc,38,texture,0.15841675
fc,39,reptiles,0.15835571
fc,40,leaf,0.2669983
fc,41,zebra,0.26416016
fc,42,geological,0.19085693
fc,43,mating,0.1354065
fc,44,texture,0.21105957
fc,45,texture,0.22024536
fc,46,leaf,0.32809448
fc,47,aa,0.17791748
fc,48,wildlife,0.15026855
fc,49,wetland,0.1895752
fc,50,aquaculture,0.18109131
fc,51,elephants,0.1723938
fc,52,texture,0.25170898
fc,53,texture,0.22155762
fc,54,python,0.26843262
fc,55,scales,0.25671387
fc,56,python,0.26452637
fc,57,texture,0.2324524
fc,58,scales,0.19012451
fc,59,leaf,0.21746826
fc,60,scales,0.26254272
fc,61,python,0.26245117
fc,62,python,0.26434326
fc,63,scales,0.20681763
fc,64,scales,0.24502563
fc,65,reef,0.21606445
fc,66,scales,0.26696777
fc,67,scales,0.27749634
fc,68,scales,0.2630005
fc,69,erosion,0.20910645
fc,70,web,0.44573975
fc,71,soil,0.14505005
fc,72,webs,0.7570801
fc,73,webs,0.7720947
fc,74,webs,0.7557373
fc,75,webs,0.7279663
fc,76,web,0.38775635
fc,77,webs,0.6291504
fc,78,web,0.2524414
fc,79,texture,0.2055664
fc,80,juvenile,0.38058472
fc,81,juvenile,0.36123657
fc,82,juvenile,0.43814087
fc,83,zebra,0.38391113
fc,84,avian,0.27774048
fc,85,juvenile,0.46905518
fc,86,juvenile,0.42913818
fc,87,juvenile,0.25808716
fc,88,parrot,0.41784668
fc,89,bird,0.30447388
fc,90,parrot,0.39230347
fc,91,birding,0.49160767
fc,92,birding,0.44903564
fc,93,bird,0.4083557
fc,94,hummer,0.4569702
fc,95,birding,0.48498535
fc,96,bird,0.36306763
fc,97,duck,0.42080688
fc,98,birding,0.37347412
fc,99,goose,0.38128662
fc,100,pelican,0.33840942
fc,101,elephants,0.33059692
fc,102,zebra,0.33242798
fc,103,juvenile,0.16610718
fc,104,sheep,0.3223877
fc,105,sheep,0.21133423
fc,106,sheep,0.2050476
fc,107,bubbles,0.2503357
fc,108,hoodia,0.18759155
fc,109,textile,0.25930786
fc,110,zebra,0.28778076
fc,111,spiral,0.21459961
fc,112,shell,0.18066406
fc,113,spiral,0.30133057
fc,114,plant,0.13659668
fc,115,coral,0.19418335
fc,116,escherichia,0.21102905
fc,117,spiral,0.46270752
fc,118,foods,0.35250854
fc,119,minerals,0.13876343
fc,120,aggregate,0.12411499
fc,121,culinary,0.30795288
fc,122,culinary,0.325531
fc,123,seafood,0.23153687
fc,124,seafood,0.2947693
fc,125,escherichia,0.20169067
fc,126,texture,0.15957642
fc,127,ibis,0.4991455
fc,128,ibis,0.484375
fc,129,ibis,0.4956665
fc,130,flamingo,0.4482422
fc,131,crane,0.47097778
fc,132,ibis,0.48620605
fc,133,birding,0.41540527
fc,134,crane,0.49069214
fc,135,birding,0.4055481
fc,136,birding,0.38275146
fc,137,duck,0.36795044
fc,138,birding,0.37817383
fc,139,birding,0.39733887
fc,140,birding,0.42718506
fc,141,birding,0.42190552
fc,142,birding,0.42785645
fc,143,birding,0.38912964
fc,144,pelican,0.39648438
fc,145,gentoo,0.2607727
fc,146,gull,0.45321655
fc,147,watersports,0.26882935
fc,148,watersports,0.26101685
fc,149,underwater,0.25653076
fc,150,seals,0.22888184
fc,151,basename,0.38549805
fc,152,cavalier,0.33172607
fc,153,maltese,0.5646057
fc,154,maltese,0.36791992
fc,155,maltese,0.45095825
fc,156,cavalier,0.36535645
fc,157,puppy,0.32922363
fc,158,basename,0.48760986
fc,159,bloodhound,0.38449097
fc,160,retriever,0.22805786
fc,161,bloodhound,0.40859985
fc,162,hound,0.34375
fc,163,bloodhound,0.45211792
fc,164,hound,0.30334473
fc,165,bloodhound,0.3739624
fc,166,hound,0.3630371
fc,167,hound,0.35498047
fc,168,bloodhound,0.38153076
fc,169,greyhound,0.2514038
fc,170,shepherd,0.236969
fc,171,basename,0.42080688
fc,172,greyhound,0.40109253
fc,173,basename,0.36642456
fc,174,fostering,0.23825073
fc,175,terrier,0.36288452
fc,176,greyhound,0.28790283
fc,177,shepherd,0.21377563
fc,178,greyhound,0.2102356
fc,179,dog,0.30651855
fc,180,basename,0.36923218
fc,181,sheep,0.2744751
fc,182,terrier,0.33288574
fc,183,dogs,0.18862915
fc,184,terrier,0.28231812
fc,185,terrier,0.45162964
fc,186,terrier,0.4383545
fc,187,terrier,0.42294312
fc,188,terrier,0.35842896
fc,189,terrier,0.34768677
fc,190,maltese,0.37716675
fc,191,terrier,0.30255127
fc,192,terrier,0.40911865
fc,193,terrier,0.43380737
fc,194,maltese,0.4631958
fc,195,basename,0.3522339
fc,196,terrier,0.3647766
fc,197,dogs,0.22528076
fc,198,terrier,0.32461548
fc,199,terrier,0.29748535
fc,200,maltese,0.42715454
fc,201,terrier,0.40420532
fc,202,terrier,0.35391235
fc,203,maltese,0.4165039
fc,204,maltese,0.4801941
fc,205,retriever,0.3383789
fc,206,shepherd,0.22991943
fc,207,retriever,0.42575073
fc,208,labrador,0.4028015
fc,209,bloodhound,0.26605225
fc,210,dogs,0.25946045
fc,211,bloodhound,0.35891724
fc,212,dogs,0.2822876
fc,213,bloodhound,0.27682495
fc,214,bloodhound,0.2828064
fc,215,dogs,0.27450562
fc,216,dog,0.25701904
fc,217,oakley,0.2720642
fc,218,cavalier,0.29693604
fc,219,dog,0.32611084
fc,220,dog,0.27905273
fc,221,sheep,0.27941895
fc,222,sheep,0.33267212
fc,223,fostering,0.22573853
fc,224,angus,0.22946167
fc,225,scooby,0.25177002
fc,226,terrier,0.3132019
fc,227,basename,0.34310913
fc,228,sheep,0.3852234
fc,229,maltese,0.3230896
fc,230,terrier,0.29400635
fc,231,dog,0.27142334
fc,232,dog,0.2536621
fc,233,angus,0.23080444
fc,234,dog,0.30908203
fc,235,canine,0.27331543
fc,236,bloodhound,0.27597046
fc,237,basename,0.4067688
fc,238,bloodhound,0.30355835
fc,239,dog,0.26361084
fc,240,dog,0.29171753
fc,241,dog,0.2897339
fc,242,boxer,0.40420532
fc,243,bloodhound,0.34609985
fc,244,dogs,0.28457642
fc,245,bulldog,0.3451233
fc,246,bloodhound,0.2762146
fc,247,bloodhound,0.33081055
fc,248,huskies,0.3164673
fc,249,huskies,0.33099365
fc,250,huskies,0.29437256
fc,251,spots,0.26034546
fc,252,terrier,0.33621216
fc,253,basename,0.5959778
fc,254,bulldogs,0.29223633
fc,255,bloodhound,0.28598022
fc,256,retriever,0.25875854
fc,257,puppy,0.23431396
fc,258,maltese,0.29510498
fc,259,puppy,0.33218384
fc,260,puppy,0.30270386
fc,261,fluffy,0.2850952
fc,262,puppy,0.3079834
fc,263,basename,0.43841553
fc,264,basename,0.4232483
fc,265,maltese,0.42971802
fc,266,maltese,0.38391113
fc,267,sheep,0.27365112
fc,268,basename,0.25271606
fc,269,sheep,0.28338623
fc,270,sheep,0.3925476
fc,271,cheyenne,0.19216919
fc,272,shepherd,0.22866821
fc,273,basename,0.37661743
fc,274,pasture,0.21456909
fc,275,grazing,0.26574707
fc,276,grazing,0.32385254
fc,277,worldcat,0.228302
fc,278,worldcat,0.26394653
fc,279,sheep,0.28637695
fc,280,worldcat,0.20574951
fc,281,cat,0.44769287
fc,282,cat,0.3859558
fc,283,cat,0.41363525
fc,284,cat,0.42330933
fc,285,cat,0.4598999
fc,286,cat,0.23376465
fc,287,cat,0.41403198
fc,288,bengal,0.29437256
fc,289,cat,0.21697998
fc,290,zebra,0.42092896
fc,291,pasture,0.2897644
fc,292,zebra,0.47253418
fc,293,wildlife,0.2550354
fc,294,grazing,0.3628235
fc,295,bovine,0.22521973
fc,296,sheep,0.29663086
fc,297,bovine,0.2244873
fc,298,wildlife,0.24554443
fc,299,juvenile,0.19454956
fc,300,geological,0.19418335
fc,301,leaf,0.34121704
fc,302,fossil,0.14053345
fc,303,leaf,0.2371521
fc,304,leaf,0.50701904
fc,305,aggregate,0.26309204
fc,306,swallow,0.11904907
fc,307,leaf,0.26345825
fc,308,leaf,0.27816772
fc,309,flower,0.23477173
fc,310,leaf,0.25839233
fc,311,leaf,0.3829651
fc,312,leaf,0.41744995
fc,313,leaf,0.42520142
fc,314,texture,0.12606812
fc,315,leaf,0.30966187
fc,316,leaf,0.28952026
fc,317,leaf,0.43875122
fc,318,leaf,0.36816406
fc,319,mating,0.24484253
fc,320,leaf,0.25390625
fc,321,flower,0.21292114
fc,322,leaf,0.21386719
fc,323,flower,0.22122192
fc,324,leaf,0.24386597
fc,325,leaf,0.30221558
fc,326,mating,0.20437622
fc,327,membrane,0.18838501
fc,328,membranes,0.23266602
fc,329,carbonate,0.22314453
fc,330,worldcat,0.20724487
fc,331,juvenile,0.24771118
fc,332,fluffy,0.29943848
fc,333,worldcat,0.35577393
fc,334,emu,0.118377686
fc,335,juvenile,0.26419067
fc,336,trekking,0.2607422
fc,337,wildlife,0.23934937
fc,338,fostering,0.1902771
fc,339,horse,0.517334
fc,340,zebra,0.8300781
fc,341,livestock,0.4663086
fc,342,livestock,0.4500122
fc,343,pasture,0.47592163
fc,344,grazing,0.22445679
fc,345,bovine,0.6159363
fc,346,bovine,0.53881836
fc,347,pasture,0.5498352
fc,348,sheep,0.69506836
fc,349,sheep,0.5715027
fc,350,sheep,0.434906
fc,351,pasture,0.45288086
fc,352,pasture,0.39797974
fc,353,pasture,0.40118408
fc,354,horses,0.41488647
fc,355,sheep,0.44454956
fc,356,fostering,0.2171936
fc,357,juvenile,0.18392944
fc,358,fostering,0.25567627
fc,359,cat,0.28378296
fc,360,wildlife,0.24432373
fc,361,zebra,0.23516846
fc,362,sheep,0.21939087
fc,363,texture,0.13778687
fc,364,juvenile,0.24908447
fc,365,fence,0.17773438
fc,366,wildlife,0.1557312
fc,367,calf,0.1638794
fc,368,captive,0.17877197
fc,369,juvenile,0.14840698
fc,370,juvenile,0.28692627
fc,371,juvenile,0.26541138
fc,372,sheep,0.25952148
fc,373,grooming,0.17324829
fc,374,juvenile,0.28399658
fc,375,birding,0.23501587
fc,376,birding,0.26428223
fc,377,juvenile,0.23895264
fc,378,juvenile,0.20236206
fc,379,birding,0.2836914
fc,380,juvenile,0.2602539
fc,381,juvenile,0.19525146
fc,382,juvenile,0.21890259
fc,383,wildlife,0.19290161
fc,384,birding,0.28518677
fc,385,elephants,0.33029175
fc,386,elephants,0.34368896
fc,387,wildlife,0.19198608
fc,388,sheep,0.17764282
fc,389,canoeing,0.23300171
fc,390,zebra,0.21658325
fc,391,canoeing,0.20327759
fc,392,zebra,0.26852417
fc,393,coral,0.18859863
fc,394,watersports,0.16992188
fc,395,watersports,0.2210083
fc,396,zebra,0.60165405
fc,397,dotted,0.2409668
fc,398,cellar,0.17486572
fc,399,costumes,0.14648438
fc,400,commencement,0.3323059
fc,401,microphones,0.12994385
fc,402,guitarist,0.19976807
fc,403,tomcat,0.42736816
fc,404,airlines,0.5770874
fc,405,airlines,0.5769043
fc,406,altar,0.51849365
fc,407,buses,0.38012695
fc,408,watersports,0.3109436
fc,409,tower,0.24249268
fc,410,bees,0.3899231
fc,411,textile,0.3617859
fc,412,cabinets,0.27774048
fc,413,instructor,0.15252686
fc,414,leather,0.2376709
fc,415,bakery,0.6704407
fc,416,gymnastics,0.19873047
fc,417,dome,0.17089844
fc,418,bottled,0.15338135
fc,419,dotted,0.15081787
fc,420,guitarist,0.17211914
fc,421,stairs,0.60491943
fc,422,facilities,0.22103882
fc,423,salon,0.43478394
fc,424,salon,0.37600708
fc,425,barn,0.6819153
fc,426,spiral,0.21640015
fc,427,winery,0.56796265
fc,428,motorized,0.1947937
fc,429,baseball,0.28063965
fc,430,volleyball,0.32006836
fc,431,nursery,0.4171753
fc,432,courtroom,0.15960693
fc,433,swimming,0.24487305
fc,434,comforter,0.23892212
fc,435,bathroom,0.60061646
fc,436,automotive,0.43850708
fc,437,lighthouse,0.68447876
fc,438,glassware,0.31054688
fc,439,parliamentary,0.1055603
fc,440,bottles,0.4256897
fc,441,beverage,0.33050537
fc,442,cathedral,0.44830322
fc,443,textile,0.4666443
fc,444,cycling,0.5472107
fc,445,swimwear,0.23703003
fc,446,textile,0.22085571
fc,447,automotive,0.105895996
fc,448,shed,0.3482666
fc,449,cabins,0.37594604
fc,450,snowmobile,0.24429321
fc,451,bracelet,0.20074463
fc,452,crochet,0.54293823
fc,453,bookshelf,0.6508179
fc,454,bookshop,0.85324097
fc,455,textile,0.2538147
fc,456,badminton,0.1456604
fc,457,burberry,0.111206055
fc,458,cornerstone,0.20370483
fc,459,lingerie,0.1973877
fc,460,wharf,0.35842896
fc,461,leather,0.14785767
fc,462,corridor,0.14941406
fc,463,sinks,0.24084473
fc,464,bracelet,0.26287842
fc,465,instructors,0.13092041
fc,466,trains,0.5328369
fc,467,bakery,0.3574829
fc,468,taxis,0.3835144
fc,469,cooking,0.46624756
fc,470,dining,0.2696228
fc,471,engine,0.24798584
fc,472,canoeing,0.57873535
fc,473,faucets,0.34902954
fc,474,crochet,0.55929565
fc,475,driving,0.32061768
fc,476,ballroom,0.26010132
fc,477,implements,0.20339966
fc,478,boxes,0.22375488
fc,479,automotive,0.39605713
fc,480,cabinets,0.2735901
fc,481,bookshelf,0.26083374
fc,482,appliances,0.3690796
fc,483,castle,0.59591675
fc,484,sailing,0.64453125
fc,485,appliances,0.34188843
fc,486,musicians,0.17626953
fc,487,imac,0.31674194
fc,488,knots,0.3126831
fc,489,lattice,0.37509155
fc,490,mesh,0.28811646
fc,491,snowmobile,0.19845581
fc,492,dresser,0.4343872
fc,493,dresser,0.62054443
fc,494,bell,0.21749878
fc,495,furnished,0.46606445
fc,496,quilts,0.29840088
fc,497,cathedral,0.54403687
fc,498,auditorium,0.6351013
fc,499,culinary,0.33224487
fc,500,caves,0.38305664
fc,501,curtains,0.28237915
fc,502,boutique,0.2414856
fc,503,glassware,0.28204346
fc,504,brewing,0.24078369
fc,505,brewing,0.39300537
fc,506,spiral,0.62719727
fc,507,spiral,0.25280762
fc,508,workstations,0.4602661
fc,509,bakery,0.45654297
fc,510,ferries,0.42156982
fc,511,convertible,0.48355103
fc,512,bottles,0.24227905
fc,513,faucets,0.14901733
fc,514,boutique,0.22616577
fc,515,hat,0.17779541
fc,516,nursery,0.6482239
fc,517,loader,0.22698975
fc,518,motorcycle,0.4552307
fc,519,cabinets,0.4653015
fc,520,nursery,0.838501
fc,521,cooking,0.4119873
fc,522,putting,0.27331543
fc,523,accessibility,0.13201904
fc,524,zipper,0.19577026
fc,525,dams,0.38638306
fc,526,workstations,0.7408447
fc,527,workstations,0.5341797
fc,528,faucets,0.16085815
fc,529,infant,0.41906738
fc,530,terminals,0.13815308
fc,531,controls,0.11532593
fc,532,furnished,0.57836914
fc,533,crochet,0.63101196
fc,534,kitchens,0.8130188
fc,535,motorcycle,0.39611816
fc,536,harbour,0.55877686
fc,537,skiing,0.42544556
fc,538,dome,0.45422363
fc,539,carpets,0.34487915
fc,540,harbor,0.34335327
fc,541,cookware,0.21691895
fc,542,cooking,0.23980713
fc,543,facilities,0.16720581
fc,544,cooking,0.47158813
fc,545,spiral,0.54107666
fc,546,guitars,0.23486328
fc,547,trains,0.5904541
fc,548,televisions,0.5044861
fc,549,textile,0.39675903
fc,550,kitchen,0.4975586
fc,551,recipe,0.19989014
fc,552,pink,0.18722534
fc,553,cabinets,0.49661255
fc,554,ferries,0.35220337
fc,555,buses,0.48495483
fc,556,fireplaces,0.47302246
fc,557,courthouse,0.2524109
fc,558,musician,0.12994385
fc,559,chairs,0.5501404
fc,560,racing,0.1642456
fc,561,warehousing,0.25030518
fc,562,fountains,0.4868164
fc,563,bottled,0.18878174
fc,564,bedrooms,0.7302246
fc,565,trains,0.57543945
fc,566,spiral,0.16845703
fc,567,cooking,0.48440552
fc,568,wool,0.24972534
fc,569,buses,0.37384033
fc,570,helmet,0.1531372
fc,571,kiosk,0.2899475
fc,572,glassware,0.31759644
fc,573,racing,0.42852783
fc,574,dotted,0.17840576
fc,575,vehicle,0.254364
fc,576,venice,0.27053833
fc,577,spiral,0.19952393
fc,578,gown,0.3756714
fc,579,furnished,0.3605652
fc,580,greenhouse,0.7194824
fc,581,automotive,0.4310608
fc,582,bakery,0.41275024
fc,583,bedrooms,0.30996704
fc,584,crochet,0.18652344
fc,585,bottles,0.30007935
fc,586,vehicles,0.32247925
fc,587,faucets,0.18887329
fc,588,wicker,0.5193176
fc,589,bathroom,0.16699219
fc,590,imac,0.40368652
fc,591,textile,0.5420227
fc,592,workstations,0.17449951
fc,593,musician,0.12741089
fc,594,upstairs,0.26794434
fc,595,trains,0.30651855
fc,596,axes,0.1296997
fc,597,leather,0.2753296
fc,598,projector,0.36535645
fc,599,lattice,0.40664673
fc,600,faucets,0.306427
fc,601,gown,0.36047363
fc,602,badminton,0.31900024
fc,603,carriage,0.46954346
fc,604,corridor,0.39624023
fc,605,imac,0.4196167
fc,606,kitchen,0.20950317
fc,607,fireplaces,0.15551758
fc,608,trousers,0.20910645
fc,609,vehicle,0.36517334
fc,610,shirt,0.20223999
fc,611,quilts,0.28155518
fc,612,bicycles,0.4802246
fc,613,workstations,0.38757324
fc,614,costumes,0.15402222
fc,615,racing,0.20941162
fc,616,rope,0.51672363
fc,617,chef,0.480011
fc,618,cooking,0.44058228
fc,619,bedrooms,0.3215027
fc,620,workstations,0.53479004
fc,621,motorized,0.32818604
fc,622,spiral,0.1459961
fc,623,utensils,0.12158203
fc,624,bookshop,0.7220154
fc,625,ferries,0.41241455
fc,626,bottled,0.12945557
fc,627,vehicle,0.28701782
fc,628,cruises,0.49798584
fc,629,wine,0.18011475
fc,630,shoes,0.19750977
fc,631,bottles,0.32977295
fc,632,monitors,0.28799438
fc,633,cookware,0.17855835
fc,634,depot,0.2680359
fc,635,spiral,0.34405518
fc,636,purse,0.3095703
fc,637,mailbox,0.18414307
fc,638,swimwear,0.21746826
fc,639,swimwear,0.23080444
fc,640,tile,0.25549316
fc,641,balloons,0.19937134
fc,642,auditorium,0.30026245
fc,643,face,0.11639404
fc,644,pattern,0.12319946
fc,645,swings,0.17767334
fc,646,maze,0.42285156
fc,647,cooking,0.31326294
fc,648,bathroom,0.6448364
fc,649,stone,0.35229492
fc,650,grille,0.30114746
fc,651,kitchens,0.8603821
fc,652,enlisted,0.16448975
fc,653,cookware,0.2913208
fc,654,buses,0.74905396
fc,655,pantyhose,0.20672607
fc,656,hatchback,0.4216919
fc,657,aircraft,0.51361084
fc,658,crochet,0.58547974
fc,659,cooking,0.32003784
fc,660,cabins,0.42086792
fc,661,automobiles,0.37591553
fc,662,workstations,0.4216919
fc,663,monastery,0.4906311
fc,664,imac,0.5242615
fc,665,motorcycle,0.5624695
fc,666,recipe,0.21014404
fc,667,commencement,0.32022095
fc,668,mosque,0.6475525
fc,669,bedrooms,0.6942444
fc,670,motorcycle,0.5650635
fc,671,specialized,0.51501465
fc,672,tents,0.60388184
fc,673,workstations,0.5570679
fc,674,sinks,0.162323
fc,675,buses,0.44107056
fc,676,horse,0.2822876
fc,677,aluminium,0.2227478
fc,678,infants,0.12713623
fc,679,thread,0.24990845
fc,680,infant,0.38153076
fc,681,workstations,0.5238037
fc,682,towers,0.3482666
fc,683,musicians,0.1545105
fc,684,chocolates,0.11791992
fc,685,dashboard,0.22210693
fc,686,cylinder,0.13952637
fc,687,chapel,0.45205688
fc,688,workstations,0.40689087
fc,689,gown,0.37545776
fc,690,bovine,0.47720337
fc,691,obstetrics,0.13754272
fc,692,consumables,0.2543335
fc,693,canoeing,0.5298767
fc,694,ferries,0.31048584
fc,695,chain,0.21044922
fc,696,utensils,0.21539307
fc,697,bedrooms,0.24066162
fc,698,palace,0.40759277
fc,699,curtain,0.18258667
fc,700,bathroom,0.3731079
fc,701,aviation,0.32034302
fc,702,gyms,0.23522949
fc,703,benches,0.31484985
fc,704,street,0.36123657
fc,705,trains,0.5779724
fc,706,porch,0.43411255
fc,707,kiosk,0.26464844
fc,708,columns,0.2409668
fc,709,textile,0.42062378
fc,710,sinks,0.18792725
fc,711,bottles,0.2927246
fc,712,bubbles,0.22937012
fc,713,kitchens,0.65634155
fc,714,poured,0.12347412
fc,715,steam,0.105895996
fc,716,cottages,0.3317871
fc,717,automotive,0.44433594
fc,718,bridges,0.44369507
fc,719,poured,0.11050415
fc,720,bottles,0.3322754
fc,721,quilts,0.6015625
fc,722,billiards,0.5812683
fc,723,spiral,0.22671509
fc,724,sailing,0.46655273
fc,725,glassware,0.24450684
fc,726,kitchen,0.28424072
fc,727,observatory,0.48843384
fc,728,quartz,0.13494873
fc,729,kitchens,0.58395386
fc,730,horses,0.34194946
fc,731,toilet,0.6081238
fc,732,appliances,0.36218262
fc,733,street,0.20291138
fc,734,buses,0.39834595
fc,735,crochet,0.52905273
fc,736,billiards,0.8406677
fc,737,bottles,0.41152954
fc,738,plants,0.51885986
fc,739,chefs,0.34213257
fc,740,cooking,0.15731812
fc,741,quilts,0.37191772
fc,742,workstations,0.40301514
fc,743,corridor,0.70043945
fc,744,aircraft,0.519928
fc,745,appliances,0.26766968
fc,746,hockey,0.1477356
fc,747,boxing,0.1592102
fc,748,textile,0.37734985
fc,749,chromatography,0.1244812
fc,750,bedrooms,0.6944885
fc,751,racing,0.4352417
fc,752,badminton,0.30667114
fc,753,curtains,0.28433228
fc,754,workstations,0.3888855
fc,755,architectures,0.22055054
fc,756,bathroom,0.2750244
fc,757,buses,0.53341675
fc,758,watersports,0.15304565
fc,759,aperture,0.16098022
fc,760,refrigerator,0.6589966
fc,761,buttons,0.16390991
fc,762,restaurant,0.5736084
fc,763,valves,0.12890625
fc,764,equipment,0.1428833
fc,765,chairs,0.49389648
fc,766,ovens,0.5015869
fc,767,dots,0.18121338
fc,768,athlete,0.16790771
fc,769,floors,0.10623169
fc,770,shoes,0.12948608
fc,771,cabinets,0.3564148
fc,772,bracelet,0.1831665
fc,773,dotted,0.32885742
fc,774,leather,0.15423584
fc,775,gown,0.24194336
fc,776,musicians,0.17370605
fc,777,motif,0.17773438
fc,778,sinks,0.25097656
fc,779,buses,0.71347046
fc,780,sailing,0.62994385
fc,781,venues,0.20758057
fc,782,imac,0.5311279
fc,783,stainless,0.19915771
fc,784,bottles,0.17285156
fc,785,driving,0.2793274
fc,786,sinks,0.42971802
fc,787,spiral,0.19470215
fc,788,shop,0.40753174
fc,789,bedrooms,0.46221924
fc,790,baskets,0.33999634
fc,791,stairs,0.20007324
fc,792,snow,0.22790527
fc,793,washable,0.17156982
fc,794,bathroom,0.6681824
fc,795,skiing,0.56625366
fc,796,snowboarding,0.24215698
fc,797,bedrooms,0.41513062
fc,798,autocad,0.1439209
fc,799,room,0.41137695
fc,800,arcade,0.47564697
fc,801,watersports,0.3607483
fc,802,snowmobile,0.44378662
fc,803,snowmobile,0.28552246
fc,804,sinks,0.62005615
fc,805,soccer,0.17269897
fc,806,crochet,0.53427124
fc,807,building,0.1675415
fc,808,hats,0.18725586
fc,809,cooking,0.36694336
fc,810,workstations,0.35528564
fc,811,radiator,0.20516968
fc,812,aircraft,0.55892944
fc,813,cooking,0.44036865
fc,814,watersports,0.47991943
fc,815,webs,0.8126221
fc,816,yarn,0.38180542
fc,817,automotive,0.44863892
fc,818,spiral,0.2345581
fc,819,venue,0.30493164
fc,820,railways,0.5656128
fc,821,bridge,0.47964478
fc,822,cooking,0.38809204
fc,823,faucets,0.2564392
fc,824,crochet,0.5533447
fc,825,rocks,0.29821777
fc,826,usability,0.10687256
fc,827,kitchens,0.69680786
fc,828,dotted,0.3713379
fc,829,trains,0.51446533
fc,830,facilities,0.17785645
fc,831,bedrooms,0.6571655
fc,832,mosque,0.42926025
fc,833,subchapter,0.31393433
fc,834,suit,0.18713379
fc,835,maze,0.22036743
fc,836,sunglasses,0.16247559
fc,837,sunglasses,0.17608643
fc,838,bottles,0.23431396
fc,839,bridge,0.464386
fc,840,wool,0.27694702
fc,841,sweater,0.2138977
fc,842,nudists,0.2793274
fc,843,playground,0.26412964
fc,844,bathroom,0.36761475
fc,845,bottle,0.27627563
fc,846,furnished,0.46569824
fc,847,engines,0.33831787
fc,848,appliances,0.4189453
fc,849,kettle,0.29260254
fc,850,crochet,0.3015442
fc,851,televisions,0.4777832
fc,852,soccer,0.13323975
fc,853,cottages,0.4390869
fc,854,auditorium,0.64352417
fc,855,dotted,0.2168274
fc,856,boiler,0.29193115
fc,857,bedrooms,0.42282104
fc,858,roofing,0.27355957
fc,859,kitchen,0.4590149
fc,860,bookshop,0.44418335
fc,861,toilet,0.66033936
fc,862,fireplaces,0.12823486
fc,863,landmarks,0.18041992
fc,864,vehicles,0.36383057
fc,865,shops,0.41934204
fc,866,vehicles,0.2793579
fc,867,trucking,0.4008484
fc,868,dinnerware,0.2272644
fc,869,garment,0.22653198
fc,870,bike,0.52401733
fc,871,sailing,0.6285095
fc,872,studios,0.13256836
fc,873,entrance,0.37808228
fc,874,buses,0.7677307
fc,875,musicians,0.1618042
fc,876,bathroom,0.5667114
fc,877,corridor,0.3489685
fc,878,workstations,0.13995361
fc,879,tent,0.27514648
fc,880,biking,0.5224304
fc,881,furnished,0.32043457
fc,882,vacuum,0.18798828
fc,883,vases,0.28762817
fc,884,crypt,0.54037476
fc,885,textile,0.4269104
fc,886,cabinets,0.3545227
fc,887,altar,0.31048584
fc,888,bridge,0.39151
fc,889,instruments,0.2003479
fc,890,volleyball,0.38442993
fc,891,breakfasts,0.30377197
fc,892,upstairs,0.26934814
fc,893,textile,0.32479858
fc,894,closet,0.5551758
fc,895,aircraft,0.5502014
fc,896,bathroom,0.6848755
fc,897,appliances,0.5237427
fc,898,bottled,0.39205933
fc,899,glassware,0.25994873
fc,900,tower,0.3499756
fc,901,bottle,0.31573486
fc,902,bracelet,0.105773926
fc,903,hair,0.27200317
fc,904,blinds,0.3447876
fc,905,furnished,0.44085693
fc,906,cloth,0.16577148
fc,907,wines,0.4675598
fc,908,aircraft,0.5649719
fc,909,cooking,0.502594
fc,910,cooking,0.41470337
fc,911,crochet,0.54608154
fc,912,fence,0.36514282
fc,913,harbour,0.35720825
fc,914,sailing,0.66400146
fc,915,tent,0.39691162
fc,916,imac,0.45373535
fc,917,bookshop,0.6659851
fc,918,checker,0.34103394
fc,919,sign,0.34609985
fc,920,street,0.34753418
fc,921,bookshop,0.36923218
fc,922,appetizers,0.34036255
fc,923,appetizers,0.40881348
fc,924,recipes,0.347229
fc,925,cuisine,0.35543823
fc,926,cooking,0.45874023
fc,927,desserts,0.32006836
fc,928,desserts,0.29003906
fc,929,toddler,0.23895264
fc,930,bakery,0.37930298
fc,931,bakery,0.47317505
fc,932,bakery,0.38586426
fc,933,food,0.3477173
fc,934,food,0.33950806
fc,935,recipes,0.35925293
fc,936,cabbage,0.3375244
fc,937,vegetables,0.34152222
fc,938,cabbage,0.30667114
fc,939,vegetables,0.29214478
fc,940,foods,0.3088379
fc,941,recipes,0.3111267
fc,942,cooking,0.3416443
fc,943,vegetables,0.33102417
fc,944,cabbage,0.26480103
fc,945,produce,0.29919434
fc,946,botany,0.2446289
fc,947,yeast,0.18096924
fc,948,fruits,0.261261
fc,949,tomatoes,0.25213623
fc,950,produce,0.25390625
fc,951,fruit,0.2513733
fc,952,fruits,0.33078003
fc,953,foods,0.2270813
fc,954,produce,0.2793579
fc,955,bees,0.21508789
fc,956,fruit,0.31295776
fc,957,cherries,0.3031006
fc,958,hay,0.5989075
fc,959,food,0.3633423
fc,960,desserts,0.30880737
fc,961,cooking,0.3496399
fc,962,recipes,0.36273193
fc,963,food,0.35073853
fc,964,recipes,0.36923218
fc,965,food,0.3545227
fc,966,wines,0.43521118
fc,967,brewing,0.29833984
fc,968,pour,0.23114014
fc,969,recipe,0.30773926
fc,970,alps,0.5533142
fc,971,bubbles,0.46276855
fc,972,cliffs,0.43481445
fc,973,reef,0.3171692
fc,974,waterfall,0.31887817
fc,975,lake,0.37664795
fc,976,coastline,0.49588013
fc,977,grenadines,0.44006348
fc,978,grenadines,0.46090698
fc,979,glacier,0.4202881
fc,980,mountain,0.37023926
fc,981,pitching,0.35861206
fc,982,brides,0.29968262
fc,983,underwater,0.29562378
fc,984,fields,0.43951416
fc,985,flower,0.27337646
fc,986,plant,0.3187256
fc,987,foods,0.21554565
fc,988,fruit,0.25671387
fc,989,fruit,0.28381348
fc,990,fruit,0.2690735
fc,991,cabbage,0.22335815
fc,992,dotted,0.20043945
fc,993,carbohydrates,0.21029663
fc,994,lattice,0.27340698
fc,995,carbohydrates,0.13272095
fc,996,convection,0.18066406
fc,997,yeast,0.23565674
fc,998,carbohydrates,0.1748352
fc,999,toilet,0.60009766
